{"cameraMode":{"drawMode":0,"name":"Shaded","section":"Shading Mode"},"sceneLighting":true,"audioPlay":false,"sceneViewState":{"showFog":true,"showMaterialUpdate":false,"showSkybox":true,"showFlares":true,"showImageEffects":true,"showParticleSystems":true},"in2DMode":false,"pivot":{"x":451.8045349121094,"y":235.50537109375,"z":-62.2899169921875},"rotation":{"x":-0.02187504805624485,"y":0.9593445658683777,"z":-0.2704808712005615,"w":-0.07758679986000061},"size":299.5905456542969,"orthographic":false}