{"cameraMode":{"drawMode":0,"name":"Shaded","section":"Shading Mode"},"sceneLighting":false,"audioPlay":false,"sceneViewState":{"showFog":false,"showMaterialUpdate":false,"showSkybox":false,"showFlares":false,"showImageEffects":false,"showParticleSystems":false},"in2DMode":false,"pivot":{"x":-12.626274108886719,"y":3.2134275436401369,"z":12.252267837524414},"rotation":{"x":0.3947862386703491,"y":0.21929191052913667,"z":-0.09761705249547959,"w":0.8868629336357117},"size":5.238801002502441,"orthographic":false}