{"cameraMode":{"drawMode":0,"name":"Shaded","section":"Shading Mode"},"sceneLighting":false,"audioPlay":false,"sceneViewState":{"showFog":false,"showMaterialUpdate":false,"showSkybox":false,"showFlares":false,"showImageEffects":false,"showParticleSystems":false},"in2DMode":false,"pivot":{"x":-35.46928405761719,"y":1.35060453414917,"z":3.309999942779541},"rotation":{"x":0.3172297775745392,"y":0.008265466429293156,"z":-0.002764382865279913,"w":0.9483087062835693},"size":5.1542887687683109,"orthographic":false}