{"cameraMode":{"drawMode":0,"name":"Shaded","section":"Shading Mode"},"sceneLighting":false,"audioPlay":false,"sceneViewState":{"showFog":false,"showMaterialUpdate":false,"showSkybox":false,"showFlares":false,"showImageEffects":false,"showParticleSystems":false},"in2DMode":false,"pivot":{"x":41.565696716308597,"y":1.9273090362548829,"z":-22.792863845825197},"rotation":{"x":-0.13087400794029237,"y":0.6900367736816406,"z":-0.12900115549564362,"w":-0.7000572085380554},"size":10.64840316772461,"orthographic":false}