{"cameraMode":{"drawMode":0,"name":"Shaded","section":"Shading Mode"},"sceneLighting":false,"audioPlay":false,"sceneViewState":{"showFog":false,"showMaterialUpdate":false,"showSkybox":false,"showFlares":false,"showImageEffects":false,"showParticleSystems":false},"in2DMode":false,"pivot":{"x":9.707717895507813,"y":1.3665517568588257,"z":6.418436050415039},"rotation":{"x":-0.1875123679637909,"y":0.4853031635284424,"z":-0.10741028189659119,"w":-0.8472207188606262},"size":7.3697099685668949,"orthographic":false}