{"cameraMode":{"drawMode":0,"name":"Shaded","section":"Shading Mode"},"sceneLighting":false,"audioPlay":false,"sceneViewState":{"showFog":false,"showMaterialUpdate":false,"showSkybox":false,"showFlares":false,"showImageEffects":false,"showParticleSystems":false},"in2DMode":false,"pivot":{"x":41.565696716308597,"y":2.2400002479553224,"z":-23.105554580688478},"rotation":{"x":-0.13087400794029237,"y":0.6900367736816406,"z":-0.12900115549564362,"w":-0.7000572085380554},"size":6.490759372711182,"orthographic":false}