{"cameraMode":{"drawMode":0,"name":"Shaded","section":"Shading Mode"},"sceneLighting":false,"audioPlay":false,"sceneViewState":{"showFog":false,"showMaterialUpdate":false,"showSkybox":false,"showFlares":false,"showImageEffects":false,"showParticleSystems":false},"in2DMode":false,"pivot":{"x":67.99256896972656,"y":0.9999995231628418,"z":-14.569223403930664},"rotation":{"x":-0.1875123679637909,"y":0.4853031635284424,"z":-0.10741028189659119,"w":-0.8472207188606262},"size":6.559762001037598,"orthographic":false}