{"cameraMode":{"drawMode":0,"name":"Shaded","section":"Shading Mode"},"sceneLighting":false,"audioPlay":false,"sceneViewState":{"showFog":false,"showMaterialUpdate":false,"showSkybox":false,"showFlares":false,"showImageEffects":false,"showParticleSystems":false},"in2DMode":false,"pivot":{"x":502.89691162109377,"y":198.65150451660157,"z":-5.267393112182617},"rotation":{"x":-0.03045743890106678,"y":0.9649659991264343,"z":-0.2257516086101532,"w":-0.13018953800201417},"size":1797.269287109375,"orthographic":false}