{"cameraMode":{"drawMode":0,"name":"Shaded","section":"Shading Mode"},"sceneLighting":false,"audioPlay":false,"sceneViewState":{"showFog":false,"showMaterialUpdate":false,"showSkybox":false,"showFlares":false,"showImageEffects":false,"showParticleSystems":false},"in2DMode":false,"pivot":{"x":2.8419289588928224,"y":1.2092323303222657,"z":5.406327724456787},"rotation":{"x":-0.1875123679637909,"y":0.4853031635284424,"z":-0.10741028189659119,"w":-0.8472207188606262},"size":8.878860473632813,"orthographic":false}