{"cameraMode":{"drawMode":0,"name":"Shaded","section":"Shading Mode"},"sceneLighting":false,"audioPlay":false,"sceneViewState":{"showFog":false,"showMaterialUpdate":false,"showSkybox":false,"showFlares":false,"showImageEffects":false,"showParticleSystems":false},"in2DMode":false,"pivot":{"x":502.89691162109377,"y":198.65150451660157,"z":-5.267393112182617},"rotation":{"x":-0.2288322001695633,"y":-0.6651378273963928,"z":0.2258356660604477,"w":-0.6739627718925476},"size":1797.269287109375,"orthographic":false}