{"cameraMode":{"drawMode":0,"name":"Shaded","section":"Shading Mode"},"sceneLighting":false,"audioPlay":false,"sceneViewState":{"showFog":false,"showMaterialUpdate":false,"showSkybox":false,"showFlares":false,"showImageEffects":false,"showParticleSystems":false},"in2DMode":false,"pivot":{"x":-4.933933258056641,"y":0.9823233485221863,"z":14.22329330444336},"rotation":{"x":-0.1875123679637909,"y":0.4853031635284424,"z":-0.10741028189659119,"w":-0.8472207188606262},"size":5.435765266418457,"orthographic":false}